{
    "5-fp32-512": {
        "avg_runtime": 12.081813872500334,
        "avg_epoch_time": 2.4163627745000666,
        "samples_per_sec": 4138.451438472002
    },
    "5-fp16-512": {
        "avg_runtime": 8.50498879099996,
        "avg_epoch_time": 1.700997758199992,
        "samples_per_sec": 5878.902515769375
    }
}